Zacharie,Bearns,zbearns0@oracle.com,260-781-9116,4/1/1995,M
Ross,Rosewell,rrosewell1@msu.edu,132-543-9029,1/18/2004,M
Erminie,Maseres,emaseres2@ycombinator.com,567-753-2900,10/21/1999,F
Sophia,Vern,svern3@fc2.com,776-258-8786,2/4/1990,F
Bern,Loutheane,bloutheane4@apple.com,762-203-7734,9/5/1993,M
Joelie,Hamblin,jhamblin5@nationalgeographic.com,598-434-9155,5/30/1993,F
Wells,Marvin,wmarvin6@goodreads.com,837-426-0115,3/27/1994,M
Eustace,Gatch,egatch7@nyu.edu,437-113-7618,11/18/2003,M
Reta,Gerbl,rgerbl8@illinois.edu,538-909-7760,8/23/1997,F
Ogdon,Obbard,oobbard9@illinois.edu,285-294-9564,6/24/1994,M
Saxe,Wildey,swildeya@discovery.com,434-101-1612,7/13/1991,M
Edgard,Stigger,estiggerb@goodreads.com,497-698-6943,11/19/1995,M
Reggis,Aitchison,raitchisonc@samsung.com,992-266-8823,9/8/1997,M
Lemmie,Duley,lduleyd@google.co.jp,543-968-0200,12/10/1996,M
Dominick,Fredi,dfredie@arizona.edu,342-218-0229,3/7/2004,M
Nowell,Jaksic,njaksicf@chron.com,178-436-5263,3/30/2001,M
Benton,Badwick,bbadwickg@state.tx.us,605-892-9153,2/8/1997,M
Dinah,Walshaw,dwalshawh@ameblo.jp,450-373-0636,9/4/2005,F
Paige,Sollon,psolloni@ca.gov,835-904-4755,7/18/2004,F
Isidora,Goodfellow,igoodfellowj@people.com.cn,858-472-5840,8/2/1992,F
Olenolin,Lago,olagok@sbwire.com,715-692-8055,9/29/2004,M
Georgetta,Greenside,ggreensidel@admin.ch,695-528-8430,4/2/1995,F
Roth,Colloff,rcolloffm@stanford.edu,742-561-3116,4/27/2003,M
Olag,Dunstan,odunstann@cpanel.net,568-103-1564,4/11/1997,M
Leann,Hercock,lhercocko@time.com,775-199-2652,12/21/2002,F
Thorn,Peto,tpetop@photobucket.com,309-208-5107,2/28/2003,M
Lorelle,Miles,lmilesq@php.net,947-493-6360,10/20/1999,F
Trisha,Kubicki,tkubickir@opera.com,382-752-3225,2/12/1992,F
Kin,Hinsche,khinsches@gravatar.com,763-309-2646,10/31/1997,M
Glynn,Indruch,gindrucht@bloomberg.com,749-984-2048,2/17/1990,M
Rosemarie,Gelly,rgellyu@indiatimes.com,791-235-5379,7/22/1998,F
Neron,Poulter,npoulterv@squidoo.com,595-649-7476,11/2/2001,M
Cassandre,Doddridge,cdoddridgew@indiegogo.com,698-960-7364,8/30/1997,F
Lily,Donahue,ldonahuex@hp.com,746-412-3674,4/8/1994,F
Florida,Lehr,flehry@economist.com,687-709-2237,8/8/2005,F
Chrisy,McIlreavy,cmcilreavyz@meetup.com,110-617-0229,7/29/1990,M
Trudi,Wile,twile10@geocities.jp,222-665-7028,7/9/2003,F
Maryanne,Gannaway,mgannaway11@xinhuanet.com,279-854-4531,12/16/2005,F
Andonis,Corsham,acorsham12@cbsnews.com,138-857-6724,10/24/1995,M
Morten,Danne,mdanne13@163.com,617-294-7189,8/13/1999,M
Maximo,Winterscale,mwinterscale14@rediff.com,580-655-4895,4/1/1995,M
Eddie,Souten,esouten15@tripadvisor.com,206-691-6138,4/4/1992,F
Albert,Gleasane,agleasane16@netvibes.com,691-648-4878,11/8/1994,M
Prescott,Prier,pprier17@bloglovin.com,236-448-0121,12/18/2003,M
Franky,Bytheway,fbytheway18@rakuten.co.jp,823-353-2548,10/1/2001,M
Kira,Sprouls,ksprouls19@ifeng.com,213-840-5705,8/30/1994,F
Suzanne,Aaronson,saaronson1a@nasa.gov,977-878-2551,10/15/2005,F
Berne,Dysert,bdysert1b@usda.gov,295-507-8739,7/18/1996,M
Dal,Kleinmann,dkleinmann1c@amazon.com,434-806-1136,6/20/2005,M
Suzanna,Crawford,scrawford1d@ebay.co.uk,129-811-7688,4/8/1993,F
Nicolis,Skelcher,nskelcher1e@europa.eu,468-277-6219,8/8/2005,M
Darya,Bristo,dbristo1f@harvard.edu,174-233-1760,6/30/2000,F
Gerti,Pfaffel,gpfaffel1g@1und1.de,593-531-8267,2/7/1998,F
Amalie,Ewing,aewing1h@csmonitor.com,295-406-5772,12/30/1998,F
Alina,Snead,asnead1i@jigsy.com,386-190-9151,10/1/2003,F
Zara,Aubray,zaubray1j@psu.edu,342-755-5826,3/4/2003,F
Sybyl,Dyble,sdyble1k@engadget.com,812-181-8524,3/15/1999,F
Damiano,Golborne,dgolborne1l@cyberchimps.com,804-623-8405,1/8/2003,M
Harper,Haggata,hhaggata1m@dot.gov,637-642-9715,2/26/1993,M
Juliann,Morman,jmorman1n@marriott.com,289-330-5407,11/24/2003,F
Maxie,Southgate,msouthgate1o@biblegateway.com,915-918-1372,1/25/2001,M
Rudolph,Munning,rmunning1p@yelp.com,405-954-6519,9/30/1993,M
Waldon,Ferie,wferie1q@japanpost.jp,566-542-4022,3/24/2001,M
Bradan,Loy,bloy1r@studiopress.com,280-757-4736,3/15/1999,M
Zach,Bachshell,zbachshell1s@woothemes.com,133-119-3695,2/10/1990,M
Ike,Grigorian,igrigorian1t@mashable.com,427-421-2439,10/31/2005,M
Reynolds,Cordey,rcordey1u@aol.com,861-754-5785,3/29/2001,M
Winnifred,Mingard,wmingard1v@unc.edu,331-379-7850,9/4/2005,F
Roxine,Rabidge,rrabidge1w@wikimedia.org,291-285-0982,3/31/1992,F
Harcourt,Libreros,hlibreros1x@google.com,168-112-4604,2/19/1995,M
Nessy,Pfertner,npfertner1y@pagesperso-orange.fr,364-431-8267,7/6/1999,F
Bunni,Klemz,bklemz1z@nih.gov,114-256-9220,12/22/2001,F
Kerr,Itzhaki,kitzhaki20@scientificamerican.com,266-557-5982,7/19/2000,M
Izabel,Menlow,imenlow21@tuttocitta.it,902-329-8568,6/7/2003,F
Greta,Chellam,gchellam22@elpais.com,944-419-0969,6/6/2003,F
Ferrell,Haggarty,fhaggarty23@networkadvertising.org,588-606-5556,8/14/1991,M
Ede,Wassell,ewassell24@virginia.edu,934-348-1570,2/16/1998,F
Kenton,Sibylla,ksibylla25@t.co,429-589-6677,2/2/2001,M
Thurstan,Laslett,tlaslett26@npr.org,723-273-6231,1/20/1991,M
Bartlet,Letchford,bletchford27@yandex.ru,918-736-0780,3/5/1998,M
Bettina,Ahlin,bahlin28@oracle.com,893-398-8842,2/7/1996,F
Barbette,Danovich,bdanovich29@businesswire.com,928-866-5543,2/21/1990,F
Gerianna,Stark,gstark2a@bloomberg.com,644-613-3666,2/25/2000,F
Lonna,Rodgman,lrodgman2b@free.fr,147-776-7196,3/10/1996,F
Prissie,Burtwhistle,pburtwhistle2c@go.com,492-318-3227,10/30/1998,F
Ches,Chetwind,cchetwind2d@flavors.me,902-646-0907,7/13/2003,M
Odille,Blackaller,oblackaller2e@blog.com,560-823-7020,4/8/1994,F
Etti,Kitcat,ekitcat2f@zimbio.com,636-461-1192,10/14/1996,F
Rafaela,Yitzhakov,ryitzhakov2g@cnn.com,414-663-9490,8/5/1995,F
Emlyn,Shorten,eshorten2h@elpais.com,413-120-4558,10/13/1994,F
Vernon,Roffey,vroffey2i@japanpost.jp,106-223-6059,4/25/2004,M
Uriah,Suggitt,usuggitt2j@linkedin.com,920-357-1359,1/1/1992,M
Rog,Pontain,rpontain2k@cdc.gov,813-852-1983,11/8/2001,M
Adrianne,Klageman,aklageman2l@hp.com,720-824-0589,5/28/2003,F
Kiele,Riply,kriply2m@webs.com,691-466-5138,11/14/2004,F
Cherey,Boat,cboat2n@oracle.com,326-404-4396,9/18/1992,F
Terry,Biner,tbiner2o@google.co.uk,457-962-4424,9/8/1995,M
Matty,Laudham,mlaudham2p@economist.com,701-993-4161,9/17/1992,M
Alessandro,Carren,acarren2q@usda.gov,998-922-5002,9/3/1997,M
Viviene,Danelet,vdanelet2r@statcounter.com,465-147-6046,5/27/1990,F
